name,phone,city,state,currency
"Swaraj Medical Centre","+919847011111","Thrissur","Kerala","INR"
"Mission Quarters Health Clinic","+919847022222","Thrissur","Kerala","INR"
"Ayyanthole Family Practice","+919847033333","Thrissur","Kerala","INR"
"Chembukkavu Specialist Chambers","+919847044444","Thrissur","Kerala","INR"
"East Fort Outpatient Centre","+919847055555","Thrissur","Kerala","INR"
"West Fort Multispeciality Clinic","+919847066666","Thrissur","Kerala","INR"
"Punkunnam Medical Centre","+919847077777","Thrissur","Kerala","INR"
"Ollur Urban Health Hub","+919847088888","Thrissur","Kerala","INR"
"Mannuthy Care Clinic","+919847099999","Thrissur","Kerala","INR"
"Koorkanchery Outpatient Unit","+919847012121","Thrissur","Kerala","INR"
